id,file,nail_shape,material,color,style,status,bytes,prompt
ref_001,images/ref_001.jpg,杏仁,冰透果冻,粉色,仙女,ok,203690,"Close-up photo of one elegant female hand, almond shaped nails, icy translucent jelly pink fairy-style nail art with tiny pearls and small rhinestones, glossy glass-like finish, clean light background, studio lighting, high detail, no text, no watermark."
ref_002,images/ref_002.jpg,方形,亮面胶,白色,法式极简,ok,194248,"Close-up photo of one elegant female hand, square shaped nails, glossy white French tip minimalist nail art, clean thin smile lines, natural skin, clean light background, studio lighting, high detail, no text, no watermark."
ref_003,images/ref_003.jpg,方圆,猫眼,裸色,通勤极简,ok,241416,"Close-up photo of one elegant female hand, squoval shaped nails, nude cat-eye magnetic gel nail art, subtle silky light band, office commuter minimalist style, clean light background, studio lighting, high detail, no text, no watermark."
ref_004,images/ref_004.jpg,棺材芭蕾,金属镜面,酒红色,复古,ok,269274,"Close-up photo of one elegant female hand, coffin ballerina shaped nails, vintage wine-red metallic mirror nail art with thin gold line accents, luxurious retro mood, clean light background, studio lighting, high detail, no text, no watermark."
ref_005,images/ref_005.jpg,椭圆,哑光,紫色,莫兰迪渐变,ok,157961,"Close-up photo of one elegant female hand, oval shaped nails, matte Morandi purple gradient nail art, soft grayish tone, sophisticated muted palette, clean light background, studio lighting, high detail, no text, no watermark."
ref_006,images/ref_006.jpg,圆形,亮面胶,樱花粉,手绘花卉,ok,209395,"Close-up photo of one elegant female hand, round shaped nails, glossy sakura pink hand-painted floral nail art, tiny spring flowers and petals, cute fresh style, clean light background, studio lighting, high detail, no text, no watermark."
ref_007,images/ref_007.jpg,杏仁,珠光贝壳,冰蓝色,仙女,ok,240105,"Close-up photo of one elegant female hand, almond shaped nails, icy blue pearlescent seashell nail art, shimmering mother-of-pearl texture, ethereal fairy style, clean light background, studio lighting, high detail, no text, no watermark."
ref_008,images/ref_008.jpg,方形,闪粉亮片,黑色,甜酷,ok,271868,"Close-up photo of one elegant female hand, square shaped nails, black glitter sweet-cool nail art with subtle silver sequins and tiny chain accent, edgy but cute, clean light background, studio lighting, high detail, no text, no watermark."
ref_009,images/ref_009.jpg,方圆,立体树脂钻饰,彩色,奢华,ok,220979,"Close-up photo of one elegant female hand, squoval shaped nails, luxury 3D resin bow and rhinestone nail jewelry, colorful sparkling gems, dimensional accessory on accent nail, clean light background, studio lighting, high detail, no text, no watermark."
ref_010,images/ref_010.jpg,棺材芭蕾,哑光,墨绿色,国风,ok,160630,"Close-up photo of one elegant female hand, coffin ballerina shaped nails, matte dark green Chinese-style nail art with subtle gold bamboo or cloud pattern, elegant guochao mood, clean light background, studio lighting, high detail, no text, no watermark."
ref_011,images/ref_011.jpg,椭圆,冰透果冻,奶白色,极简,ok,252817,"Close-up photo of one elegant female hand, oval shaped nails, milky white icy translucent jelly minimalist nail art, clean glass-like texture, soft elegant style, clean light background, studio lighting, high detail, no text, no watermark."
ref_012,images/ref_012.jpg,圆形,猫眼,紫色,复古,ok,207236,"Close-up photo of one elegant female hand, round shaped nails, purple cat-eye vintage nail art with soft magnetic shimmer and delicate gold dot accents, refined retro style, clean light background, studio lighting, high detail, no text, no watermark."
